Workbook
Name Slicer_Data_Issue: #N/A
Name Slicer_Region: #N/A
Name Slicer_Status: #N/A

Sheet raw_etp_data
A1: Product_ID | B1: Ticker | C1: Issuer | D1: Launch_Date | E1: NAV | F1: AUM | G1: Region | H1: Status
A2: 1001 | B2: QETP | C2: Alpha Funds | D2: 44941 | E2: 25.34 | F2: 12000000 | G2: US | H2: Active
A3: 1002 | B3: BETP | C3: Beta Capital | D3: 44946 | E3: 18.12 | F3: 8500000 | G3: US | H3: Active
A4: 1003 | B4: CETP | C4: Gamma Invest | D4: 44959 | F4: 5000000 | G4: EU | H4: Active
A5: 1004 | B5: DETP | C5: Delta Group | D5: 44972 | E5: 22.1 | F5: -200000 | G5: US | H5: Active
A6: 1005 | B6: AETP | C6: Alpha Funds | D6: 45000 | E6: 19.75 | F6: 3000000 | G6: APAC | H6: Pending
A7: 1003 | B7: CETP | C7: Gamma Invest | D7: 44958 | E7: 21.45 | F7: 5000000 | G7: EU | H7: Active
A8: 1006 | B8: FETP | C8: Omega Corp | D8: 45015 | G8: US | H8: Active
A9: 1007 | B9: RETP | C9: Zeta Trust | D9: 45021 | E9: 30.2 | F9: 15000000 | G9: US | H9: Active
A10: 1008 | B10: METP | C10: Mu Holdings | D10: 45026 | E10: 27.1 | F10: 9000000 | G10: EU | H10: Active
A11: 1009 | B11: SETP | C11: Sigma LLC | D11: 45034 | F11: 4500000 | G11: US | H11: Active
A12: 1010 | B12: TETP | C12: Theta Mgmt | D12: 45047 | E12: 20.15 | F12: 7000000 | G12: APAC | H12: Active

Sheet data_audit
A1: Metric | B1: Value
A2: Total Records | B2: =COUNTA('raw_etp_data'!A2:A12) -> 11
A3: Missing NAV | B3: =COUNTBLANK('raw_etp_data'!E2:E12) -> 3
A4: Missing AUM | B4: =COUNTA('raw_etp_data'!F2:F12) -> 10
A5: Duplicate Product_IDs | B5: =COUNTA('raw_etp_data'!A2:A12)-COUNTA(_xlfn.UNIQUE('raw_etp_data'!A2:A12)) -> 1
A6: Negative AUM | B6: =COUNTIF('raw_etp_data'!F2:F12, "<0") -> 1
A7: After Cleanup
A8: Total Clean Records | B8: =COUNTA(clean_etp_data!A2:A100) -> 10
A9: OK Records | B9: =COUNTIF(clean_etp_data!L2:L100, "OK") -> 6
A10: Flagged Records | B10: =B8-B9 -> 4

Sheet clean_etp_data
A1: Product_ID | B1: Ticker | C1: Issuer | D1: Launch_Date | E1: NAV | F1: AUM | G1: Region | H1: Status | I1: Clean_Launch_Date | J1: NAV_Clean | K1: AUM_Clean | L1: Data_Issue
A2: 1001 | B2: QETP | C2: Alpha Funds | D2: 44941 | E2: 25.34 | F2: 12000000 | G2: US | H2: Active | I2: =IFERROR(IF(ISNUMBER(D2), D2, DATEVALUE(SUBSTITUTE(SUBSTITUTE(D2, " . ", " / "), "-", "/"))), "") -> 44941 | J2: =IF(E2="", "", VALUE(E2)) -> 25.34 | K2: =IF(F2="", "",IF(F2<0, "", F2)) -> 12000000 | L2: =IF(COUNTIF($A$2:$A2,A2) >1, "DUPLICATE", IF(K2="", "MISSING AUM", IF(J2="", "MISSING NAV", "OK"))) -> OK
A3: 1002 | B3: BETP | C3: Beta Capital | D3: 44946 | E3: 18.12 | F3: 8500000 | G3: US | H3: Active | I3: =IFERROR(IF(ISNUMBER(D3), D3, DATEVALUE(SUBSTITUTE(SUBSTITUTE(D3, " . ", " / "), "-", "/"))), "") -> 44946 | J3: =IF(E3="", "", VALUE(E3)) -> 18.12 | K3: =IF(F3="", "",IF(F3<0, "", F3)) -> 8500000 | L3: =IF(COUNTIF($A$2:$A3,A3) >1, "DUPLICATE", IF(K3="", "MISSING AUM", IF(J3="", "MISSING NAV", "OK"))) -> OK
A4: 1003 | B4: CETP | C4: Gamma Invest | D4: 44959 | F4: 5000000 | G4: EU | H4: Active | I4: =IFERROR(IF(ISNUMBER(D4), D4, DATEVALUE(SUBSTITUTE(SUBSTITUTE(D4, " . ", " / "), "-", "/"))), "") -> 44959 | J4: =IF(E4="", "", VALUE(E4)) | K4: =IF(F4="", "",IF(F4<0, "", F4)) -> 5000000 | L4: =IF(COUNTIF($A$2:$A4,A4) >1, "DUPLICATE", IF(K4="", "MISSING AUM", IF(J4="", "MISSING NAV", "OK"))) -> MISSING NAV
A5: 1004 | B5: DETP | C5: Delta Group | D5: 44972 | E5: 22.1 | F5: -200000 | G5: US | H5: Active | I5: =IFERROR(IF(ISNUMBER(D5), D5, DATEVALUE(SUBSTITUTE(SUBSTITUTE(D5, " . ", " / "), "-", "/"))), "") -> 44972 | J5: =IF(E5="", "", VALUE(E5)) -> 22.1 | K5: =IF(F5="", "",IF(F5<0, "", F5)) | L5: =IF(COUNTIF($A$2:$A5,A5) >1, "DUPLICATE", IF(K5="", "MISSING AUM", IF(J5="", "MISSING NAV", "OK"))) -> MISSING AUM
A6: 1005 | B6: AETP | C6: Alpha Funds | D6: 45000 | E6: 19.75 | F6: 3000000 | G6: APAC | H6: Pending | I6: =IFERROR(IF(ISNUMBER(D6), D6, DATEVALUE(SUBSTITUTE(SUBSTITUTE(D6, " . ", " / "), "-", "/"))), "") -> 45000 | J6: =IF(E6="", "", VALUE(E6)) -> 19.75 | K6: =IF(F6="", "",IF(F6<0, "", F6)) -> 3000000 | L6: =IF(COUNTIF($A$2:$A6,A6) >1, "DUPLICATE", IF(K6="", "MISSING AUM", IF(J6="", "MISSING NAV", "OK"))) -> OK
A7: 1006 | B7: FETP | C7: Omega Corp | D7: 45015 | G7: US | H7: Active | I7: =IFERROR(IF(ISNUMBER(D7), D7, DATEVALUE(SUBSTITUTE(SUBSTITUTE(D7, " . ", " / "), "-", "/"))), "") -> 45015 | J7: =IF(E7="", "", VALUE(E7)) | K7: =IF(F7="", "",IF(F7<0, "", F7)) | L7: =IF(COUNTIF($A$2:$A7,A7) >1, "DUPLICATE", IF(K7="", "MISSING AUM", IF(J7="", "MISSING NAV", "OK"))) -> MISSING AUM
A8: 1007 | B8: RETP | C8: Zeta Trust | D8: 45021 | E8: 30.2 | F8: 15000000 | G8: US | H8: Active | I8: =IFERROR(IF(ISNUMBER(D8), D8, DATEVALUE(SUBSTITUTE(SUBSTITUTE(D8, " . ", " / "), "-", "/"))), "") -> 45021 | J8: =IF(E8="", "", VALUE(E8)) -> 30.2 | K8: =IF(F8="", "",IF(F8<0, "", F8)) -> 15000000 | L8: =IF(COUNTIF($A$2:$A8,A8) >1, "DUPLICATE", IF(K8="", "MISSING AUM", IF(J8="", "MISSING NAV", "OK"))) -> OK
A9: 1008 | B9: METP | C9: Mu Holdings | D9: 45026 | E9: 27.1 | F9: 9000000 | G9: EU | H9: Active | I9: =IFERROR(IF(ISNUMBER(D9), D9, DATEVALUE(SUBSTITUTE(SUBSTITUTE(D9, " . ", " / "), "-", "/"))), "") -> 45026 | J9: =IF(E9="", "", VALUE(E9)) -> 27.1 | K9: =IF(F9="", "",IF(F9<0, "", F9)) -> 9000000 | L9: =IF(COUNTIF($A$2:$A9,A9) >1, "DUPLICATE", IF(K9="", "MISSING AUM", IF(J9="", "MISSING NAV", "OK"))) -> OK
A10: 1009 | B10: SETP | C10: Sigma LLC | D10: 45034 | F10: 4500000 | G10: US | H10: Active | I10: =IFERROR(IF(ISNUMBER(D10), D10, DATEVALUE(SUBSTITUTE(SUBSTITUTE(D10, " . ", " / "), "-", "/"))), "") -> 45034 | J10: =IF(E10="", "", VALUE(E10)) | K10: =IF(F10="", "",IF(F10<0, "", F10)) -> 4500000 | L10: =IF(COUNTIF($A$2:$A10,A10) >1, "DUPLICATE", IF(K10="", "MISSING AUM", IF(J10="", "MISSING NAV", "OK"))) -> MISSING NAV
A11: 1010 | B11: TETP | C11: Theta Mgmt | D11: 45047 | E11: 20.15 | F11: 7000000 | G11: APAC | H11: Active | I11: =IFERROR(IF(ISNUMBER(D11), D11, DATEVALUE(SUBSTITUTE(SUBSTITUTE(D11, " . ", " / "), "-", "/"))), "") -> 45047 | J11: =IF(E11="", "", VALUE(E11)) -> 20.15 | K11: =IF(F11="", "",IF(F11<0, "", F11)) -> 7000000 | L11: =IF(COUNTIF($A$2:$A11,A11) >1, "DUPLICATE", IF(K11="", "MISSING AUM", IF(J11="", "MISSING NAV", "OK"))) -> OK

Sheet Issue_Distribution_By_Region
A1: ETP Data Quality Issues by Region
A3: Count of Product_ID | B3: Column Labels
A4: Row Labels | B4: MISSING AUM | C4: MISSING NAV | D4: OK | E4: Grand Total
A5: APAC | D5: 2 | E5: 2
A6: EU | C6: 1 | D6: 1 | E6: 2
A7: US | B7: 2 | C7: 1 | D7: 3 | E7: 6
A8: Grand Total | B8: 2 | C8: 2 | D8: 6 | E8: 10

Sheet AUM_By_Status
A1: Total Assets Under Management by Product Status
A3: Row Labels | B3: Sum of AUM_Clean
A4: Active | B4: 61000000
A5: Pending | B5: 3000000
A6: Grand Total | B6: 64000000

Sheet ETP_Dashboard
A1: Nasdaq ETP Data Quality & AUM Monitoring Dashboard
A5: Count of Product_ID | B5: Column Labels
A6: Row Labels | B6: MISSING AUM | C6: MISSING NAV | D6: OK | E6: Grand Total
A7: APAC | D7: 2 | E7: 2
A8: EU | C8: 1 | D8: 1 | E8: 2
A9: US | B9: 2 | C9: 1 | D9: 3 | E9: 6
A10: Grand Total | B10: 2 | C10: 2 | D10: 6 | E10: 10
L11: Total Products | M11: =COUNTA([1]clean_atp_data!A:A) -1 -> 1048575
L12: OK Records | M12: =COUNTIF(clean_etp_data!L:L, "OK") -> 6
L13: Flagged Records | M13: =COUNTA(clean_etp_data!L:L)-COUNTIF(clean_etp_data!L:L, "OK") -> 5
L14: Missing AUM | M14: =COUNTIF(clean_etp_data!L:L, "MISSING AUM") -> 2
L15: Missing NAV | M15: =COUNTIF(clean_etp_data!L:L, "MISSING NAV") -> 2
